step,high_limit,low_limit
0.1,3.14158,-3.14158
0.1,1.25664,-1.85005
0.1,1.6057,-1.76278
0.1,3.14158,-3.14158
0.1,2.23402,-1.8675
0.1,3.14158,-3.14158 
10,0.057,0.021 
10,-0.021,-0.057