step,high_limit,low_limit
0.05,3.14159,-3.14159
0.05,1.5,-1.5
0.05,3.14159,-3.14159
0.05,0,-2.8
0.05,3.14159,-3.14159
0.05,3.5,-1
0.05,1,-1
5,255,0
faster,,
0.1,3.14159,-3.14159
0.1,1.5,-1.5
0.1,3.14159,-3.14159
0.1,0,-2.8
0.1,3.14159,-3.14159
0.1,3.5,-1
0.1,1,-1
10,255,0
fastest,,
0.2,3.14159,-3.14159
0.2,1.5,-1.5
0.2,3.14159,-3.14159
0.2,0,-2.8
0.2,3.14159,-3.14159
0.2,3.5,-1
0.2,1,-1
20,255,0